<?xml version='1.0' encoding='UTF-8' standalone='yes'?>
<assembly xmlns='urn:schemas-microsoft-com:asm.v1' manifestVersion='1.0'>
  <trustInfo xmlns="urn:schemas-microsoft-com:asm.v3">
    <security>
      <requestedPrivileges>
        <requestedExecutionLevel level='asInvoker' uiAccess='false' />
      </requestedPrivileges>
    </security>
  </trustInfo>
  <dependency>
    <dependentAssembly>
      <assemblyIdentity type='win32'              name='Microsoft.Windows.Common-Controls'        version='6.0.0.0'                               processorArchitecture='x86'                   publicKeyToken='6595b64144ccf1df'               language='*' />
    </dependentAssembly>
  </dependency>
</assembly>
